<?xml version="1.0" encoding="utf-8" ?>
<!DOCTYPE generatorConfiguration PUBLIC
        "-//mybatis.org//DTD MyBatis Generator Configuration 1.0//EN"
        "http://mybatis.org/dtd/mybatis-generator-config_1_0.dtd" >
<generatorConfiguration>

	<properties resource="mybatis-generator/generatorConfig.properties" />

	<context id="MYSQL" targetRuntime="MyBatis3">
		<!-- 自带插件 -->

		<!-- 这个插件可以用来指定列作为主键，即使他们没有严格定义为数据库中的主键。 -->
		<!--<plugin type="org.mybatis.generator.plugins.VirtualPrimaryKeyPlugin"></plugin> -->
		<!-- 这个插件生成包含所有生成的SQL映射sqlmap sqlmapconfig文件条目。 <plugin type="org.mybatis.generator.plugins.SqlMapConfigPlugin"></plugin> -->
		<!-- 这个插件将添加selectbyexample方法包括参数生成的映射接口rowbounds。 支持二进制文件操作  -->
		<plugin type="org.mybatis.generator.plugins.RowBoundsPlugin"></plugin>
		<!-- 这个插件会生成一个包含映射条目映射生成SQL mybatis3 mapperconfig文件。 <plugin type="org.mybatis.generator.plugins.MapperConfigPlugin"></plugin> -->
		<!-- 这个插件添加一个缓存单元生成sqlmaps。 <plugin type="org.mybatis.generator.plugins.CachePlugin"></plugin> -->
		<!-- 这个插件显示添加方法实例类使像搜索不区分大小写。 -->
		<!--<plugin type="org.mybatis.generator.plugins.CaseInsensitiveLikePlugin"></plugin> -->
		<!-- 这个插件添加equals() hashcode()方法生成的模型和类。 -->
		<!--<plugin type="org.mybatis.generator.plugins.EqualsHashCodePlugin"></plugin> -->
		<!-- 这个插件实现model序列化 -->
		<plugin type="org.mybatis.generator.plugins.SerializablePlugin" />
		<!-- 这个插件添加toString方法生成的模型和类。 -->
		<plugin type="org.mybatis.generator.plugins.ToStringPlugin" />

		<!--第三方插件 -->
		<!-- Example 非空插件  --><plugin type="com.anytron.mybatis.generator.plugins.ExampleNotNullPlugin"></plugin>
		<!-- Example 目标包修改插件 -->
		<!--<plugin type="com.anytron.mybatis.generator.plugins.ExampleTargetPlugin"> -->
		<!--<property name="targetPackage" value="${targetPackage.example}"/> -->
		<!--</plugin> -->
		<!-- 数据Model属性对应Column获取插件 -->
		<plugin type="com.anytron.mybatis.generator.plugins.ModelColumnPlugin" />
		<!-- 批量插入 （mybatis 3.3 以前 返回主键有问题） -->
		<plugin type="com.anytron.mybatis.generator.plugins.BatchInsertPlugin" />
		<!--批量更新 -->
		<plugin type="com.anytron.mybatis.generator.plugins.BatchUpdatePlugin" />
		<!--新增或更新 -->
		<plugin type="com.anytron.mybatis.generator.plugins.UpsertPlugin" />
		<!--Example 搜索单条数据 <plugin type="com.anytron.mybatis.generator.plugins.SelectOneByExamplePlugin"></plugin> -->
		<!--insert自增主键返回 -->
		<plugin type="com.anytron.mybatis.generator.plugins.GeneratorKeyPlugin" />

		<!-- 
			新增插件 by anytron
			实现model字段组合查询
		 -->
     	<plugin type="com.anytron.mybatis.generator.plugins.SelectPlugin" />
     	
		<!-- 不生成Example 及 相关方法 统一处理 
		<plugin type="com.anytron.mybatis.generator.plugins.NoExamplePlugin" />-->


		<!-- 分页插件 -->
		<!--<plugin type="com.anytron.mybatis.generator.plugins.LimitPlugin"/> -->
		<!-- 自定义注释插件 -->
		<plugin type="com.anytron.mybatis.generator.plugins.CommentPlugin">
			<!-- 自定义模板路径 -->
			<property name="template"
				value="src/main/resources/mybatis-generator/field-comment.ftl" />
			<!--<property name="template" value="src/main/resources/default-comment.ftl" 
				/> -->
		</plugin>
		
		<!-- 
			新增插件 by anytron
			生成的mapper继承baseMapper接口插件 指定baseMapper位置
			这个baseMapper方法需要自己去写,可以先禁用这个插件先生成一个表的想用的方法把方法复制到baseMapper即可,再启动这个插件进行继承 -->
     	<plugin type="com.anytron.mybatis.generator.plugins.BaseMapperPlugin" >
     		<property name="baseMapper" value="${baseMapper.path}"/>
     	</plugin>
     	
		<!-- 此处是将UserMapper.java改名为UserDao.java 当然 想改成什么都行~ -->
		<!-- 此处是将UserMapper.xml改名为UserDao.xml 当然 想改成什么都行~ -->
		<!--<plugin type="com.anytron.mybatis.generator.plugins.RenameMapperPlugin"> -->
		<!--<property name="mapperSuffix" value="Dao"/> -->
		<!--<property name="sqlSuffix" value="Dao"/> -->
		<!--</plugin> -->

		<!--<plugin type="com.freetmp.mbg.plugin.MapperOverwriteEnablePlugin"></plugin> -->
		<!--<plugin type="com.freetmp.mbg.plugin.ContentMergePlugin"> -->
		<!--<property name="rootDir" value="src\main\java"></property> -->
		<!--</plugin> -->
		<!--<plugin type="com.freetmp.mbg.plugin.XMLMergePlugin"> -->
		<!--<property name="rootDir" value="src\main\resources"></property> -->
		<!--</plugin> -->
		
		
     	
		<commentGenerator>
			<property name="suppressAllComments" value="true" />
		</commentGenerator>

		<!--数据库连接信息 -->
		<jdbcConnection driverClass="com.mysql.jdbc.Driver"
			connectionURL="${datasource.url}" userId="${datasource.username}"
			password="${datasource.password}">
		</jdbcConnection>

		<javaTypeResolver>
			<property name="forceBigDecimals" value="false" />
		</javaTypeResolver>

		<javaModelGenerator targetPackage="${targetPackage.model}"
			targetProject="src\main\java">
			<property name="enableSubPackages" value="true" />
			<property name="trimStrings" value="true" />
		</javaModelGenerator>

		<sqlMapGenerator targetPackage="${targetPackage.xml}"
			targetProject="src\main\resources">
			<property name="enableSubPackages" value="true" />
		</sqlMapGenerator>

		<javaClientGenerator type="XMLMAPPER"
			targetPackage="${targetPackage.mapper}" targetProject="src\main\java">
			<property name="enableSubPackages" value="true" />
		</javaClientGenerator>

		<!-- ==========================要生成的表============================ -->
		<!-- property name="useActualColumnNames" 是否不使用驼峰命名 默认false为驼峰类型 -->
		<table tableName="tb_card_type">
			<property name="useActualColumnNames" value="false" />
		</table>
		
		

	</context>
</generatorConfiguration>
