<?xml version="1.0" encoding="UTF-8"?>
<!DOCTYPE mapper PUBLIC "-//mybatis.org//DTD Mapper 3.0//EN" "http://mybatis.org/dtd/mybatis-3-mapper.dtd">
<mapper namespace="com.wbhl.governor.mapper.TbCardTypeMapper">
  <resultMap id="BaseResultMap" type="com.wbhl.governor.entity.TbCardType">
    <id column="id" jdbcType="BIGINT" property="id" />
    <result column="card_price" jdbcType="DECIMAL" property="cardPrice" />
    <result column="card_time" jdbcType="BIGINT" property="cardTime" />
    <result column="card_original_price" jdbcType="DECIMAL" property="cardOriginalPrice" />
    <result column="card_desc" jdbcType="VARCHAR" property="cardDesc" />
    <result column="remark" jdbcType="VARCHAR" property="remark" />
  </resultMap>
  <sql id="Example_Where_Clause">
    <where>
      <foreach collection="oredCriteria" item="criteria" separator="or">
        <if test="criteria.valid">
          <trim prefix="(" prefixOverrides="and" suffix=")">
            <foreach collection="criteria.criteria" item="criterion">
              <choose>
                <when test="criterion.noValue">
                  and ${criterion.condition}
                </when>
                <when test="criterion.singleValue">
                  and ${criterion.condition} #{criterion.value}
                </when>
                <when test="criterion.betweenValue">
                  and ${criterion.condition} #{criterion.value} and #{criterion.secondValue}
                </when>
                <when test="criterion.listValue">
                  and ${criterion.condition}
                  <foreach close=")" collection="criterion.value" item="listItem" open="(" separator=",">
                    #{listItem}
                  </foreach>
                </when>
              </choose>
            </foreach>
          </trim>
        </if>
      </foreach>
    </where>
  </sql>
  <sql id="Update_By_Example_Where_Clause">
    <where>
      <foreach collection="example.oredCriteria" item="criteria" separator="or">
        <if test="criteria.valid">
          <trim prefix="(" prefixOverrides="and" suffix=")">
            <foreach collection="criteria.criteria" item="criterion">
              <choose>
                <when test="criterion.noValue">
                  and ${criterion.condition}
                </when>
                <when test="criterion.singleValue">
                  and ${criterion.condition} #{criterion.value}
                </when>
                <when test="criterion.betweenValue">
                  and ${criterion.condition} #{criterion.value} and #{criterion.secondValue}
                </when>
                <when test="criterion.listValue">
                  and ${criterion.condition}
                  <foreach close=")" collection="criterion.value" item="listItem" open="(" separator=",">
                    #{listItem}
                  </foreach>
                </when>
              </choose>
            </foreach>
          </trim>
        </if>
      </foreach>
    </where>
  </sql>
  <sql id="Base_Column_List">
    id, card_price, card_time, card_original_price, card_desc, remark
  </sql>
  <select id="selectByExample" parameterType="com.wbhl.governor.entity.TbCardTypeExample" resultMap="BaseResultMap">
    select
    <if test="distinct">
      distinct
    </if>
    <include refid="Base_Column_List" />
    from tb_card_type
    <if test="_parameter != null">
      <include refid="Example_Where_Clause" />
    </if>
    <if test="orderByClause != null">
      order by ${orderByClause}
    </if>
  </select>
  <select id="selectByPrimaryKey" parameterType="java.lang.Long" resultMap="BaseResultMap">
    select 
    <include refid="Base_Column_List" />
    from tb_card_type
    where id = #{id,jdbcType=BIGINT}
  </select>
  <delete id="deleteByPrimaryKey" parameterType="java.lang.Long">
    delete from tb_card_type
    where id = #{id,jdbcType=BIGINT}
  </delete>
  <delete id="deleteByExample" parameterType="com.wbhl.governor.entity.TbCardTypeExample">
    delete from tb_card_type
    <if test="_parameter != null">
      <include refid="Example_Where_Clause" />
    </if>
  </delete>
  <insert id="insert" parameterType="com.wbhl.governor.entity.TbCardType">
    <selectKey keyProperty="id" order="AFTER" resultType="java.lang.Long">
      SELECT LAST_INSERT_ID()
    </selectKey>
    insert into tb_card_type (card_price, card_time, card_original_price, 
      card_desc, remark)
    values (#{cardPrice,jdbcType=DECIMAL}, #{cardTime,jdbcType=BIGINT}, #{cardOriginalPrice,jdbcType=DECIMAL}, 
      #{cardDesc,jdbcType=VARCHAR}, #{remark,jdbcType=VARCHAR})
  </insert>
  <insert id="insertSelective" parameterType="com.wbhl.governor.entity.TbCardType">
    <selectKey keyProperty="id" order="AFTER" resultType="java.lang.Long">
      SELECT LAST_INSERT_ID()
    </selectKey>
    insert into tb_card_type
    <trim prefix="(" suffix=")" suffixOverrides=",">
      <if test="cardPrice != null">
        card_price,
      </if>
      <if test="cardTime != null">
        card_time,
      </if>
      <if test="cardOriginalPrice != null">
        card_original_price,
      </if>
      <if test="cardDesc != null">
        card_desc,
      </if>
      <if test="remark != null">
        remark,
      </if>
    </trim>
    <trim prefix="values (" suffix=")" suffixOverrides=",">
      <if test="cardPrice != null">
        #{cardPrice,jdbcType=DECIMAL},
      </if>
      <if test="cardTime != null">
        #{cardTime,jdbcType=BIGINT},
      </if>
      <if test="cardOriginalPrice != null">
        #{cardOriginalPrice,jdbcType=DECIMAL},
      </if>
      <if test="cardDesc != null">
        #{cardDesc,jdbcType=VARCHAR},
      </if>
      <if test="remark != null">
        #{remark,jdbcType=VARCHAR},
      </if>
    </trim>
  </insert>
  <select id="countByExample" parameterType="com.wbhl.governor.entity.TbCardTypeExample" resultType="java.lang.Long">
    select count(*) from tb_card_type
    <if test="_parameter != null">
      <include refid="Example_Where_Clause" />
    </if>
  </select>
  <update id="updateByExampleSelective" parameterType="map">
    update tb_card_type
    <set>
      <if test="record.id != null">
        id = #{record.id,jdbcType=BIGINT},
      </if>
      <if test="record.cardPrice != null">
        card_price = #{record.cardPrice,jdbcType=DECIMAL},
      </if>
      <if test="record.cardTime != null">
        card_time = #{record.cardTime,jdbcType=BIGINT},
      </if>
      <if test="record.cardOriginalPrice != null">
        card_original_price = #{record.cardOriginalPrice,jdbcType=DECIMAL},
      </if>
      <if test="record.cardDesc != null">
        card_desc = #{record.cardDesc,jdbcType=VARCHAR},
      </if>
      <if test="record.remark != null">
        remark = #{record.remark,jdbcType=VARCHAR},
      </if>
    </set>
    <if test="_parameter != null">
      <include refid="Update_By_Example_Where_Clause" />
    </if>
  </update>
  <update id="updateByExample" parameterType="map">
    update tb_card_type
    set id = #{record.id,jdbcType=BIGINT},
      card_price = #{record.cardPrice,jdbcType=DECIMAL},
      card_time = #{record.cardTime,jdbcType=BIGINT},
      card_original_price = #{record.cardOriginalPrice,jdbcType=DECIMAL},
      card_desc = #{record.cardDesc,jdbcType=VARCHAR},
      remark = #{record.remark,jdbcType=VARCHAR}
    <if test="_parameter != null">
      <include refid="Update_By_Example_Where_Clause" />
    </if>
  </update>
  <update id="updateByPrimaryKeySelective" parameterType="com.wbhl.governor.entity.TbCardType">
    update tb_card_type
    <set>
      <if test="cardPrice != null">
        card_price = #{cardPrice,jdbcType=DECIMAL},
      </if>
      <if test="cardTime != null">
        card_time = #{cardTime,jdbcType=BIGINT},
      </if>
      <if test="cardOriginalPrice != null">
        card_original_price = #{cardOriginalPrice,jdbcType=DECIMAL},
      </if>
      <if test="cardDesc != null">
        card_desc = #{cardDesc,jdbcType=VARCHAR},
      </if>
      <if test="remark != null">
        remark = #{remark,jdbcType=VARCHAR},
      </if>
    </set>
    where id = #{id,jdbcType=BIGINT}
  </update>
  <update id="updateByPrimaryKey" parameterType="com.wbhl.governor.entity.TbCardType">
    update tb_card_type
    set card_price = #{cardPrice,jdbcType=DECIMAL},
      card_time = #{cardTime,jdbcType=BIGINT},
      card_original_price = #{cardOriginalPrice,jdbcType=DECIMAL},
      card_desc = #{cardDesc,jdbcType=VARCHAR},
      remark = #{remark,jdbcType=VARCHAR}
    where id = #{id,jdbcType=BIGINT}
  </update>
  <select id="selectByExampleWithRowbounds" parameterType="com.wbhl.governor.entity.TbCardTypeExample" resultMap="BaseResultMap">
    select
    <if test="distinct">
      distinct
    </if>
    <include refid="Base_Column_List" />
    from tb_card_type
    <if test="_parameter != null">
      <include refid="Example_Where_Clause" />
    </if>
    <if test="orderByClause != null">
      order by ${orderByClause}
    </if>
  </select>
  <insert id="batchInsert" keyColumn="id" keyProperty="id" parameterType="java.util.List" useGeneratedKeys="true">
    insert into tb_card_type
    (card_price, card_time, card_original_price, card_desc, remark)
    values
    <foreach collection="list" item="item" separator=",">
      (#{item.cardPrice,jdbcType=DECIMAL}, #{item.cardTime,jdbcType=BIGINT}, #{item.cardOriginalPrice,jdbcType=DECIMAL}, #{item.cardDesc,jdbcType=VARCHAR}, #{item.remark,jdbcType=VARCHAR})
    </foreach>
  </insert>
  <update id="batchUpdate" parameterType="java.util.List">
    <foreach collection="list" index="index" item="item" separator=";">
       update tb_card_type
      <set>
        <trim suffixOverrides=",">
          <if test="item.cardPrice != null">
            card_price = #{item.cardPrice,jdbcType=DECIMAL},
          </if>
          <if test="item.cardTime != null">
            card_time = #{item.cardTime,jdbcType=BIGINT},
          </if>
          <if test="item.cardOriginalPrice != null">
            card_original_price = #{item.cardOriginalPrice,jdbcType=DECIMAL},
          </if>
          <if test="item.cardDesc != null">
            card_desc = #{item.cardDesc,jdbcType=VARCHAR},
          </if>
          <if test="item.remark != null">
            remark = #{item.remark,jdbcType=VARCHAR},
          </if>
        </trim>
      </set>
      <where>
        <trim suffixOverrides=",">
          id = #{item.id,jdbcType=BIGINT},
        </trim>
      </where>
    </foreach>
  </update>
  <insert id="upsert" keyColumn="id" keyProperty="id" parameterType="com.wbhl.governor.entity.TbCardType" useGeneratedKeys="true">
    insert into tb_card_type
    (id, card_price, card_time, card_original_price, card_desc, remark)
    values
    (#{id,jdbcType=BIGINT}, #{cardPrice,jdbcType=DECIMAL}, #{cardTime,jdbcType=BIGINT}, #{cardOriginalPrice,jdbcType=DECIMAL}, #{cardDesc,jdbcType=VARCHAR}, #{remark,jdbcType=VARCHAR})
    on duplicate key update 
    id = #{id,jdbcType=BIGINT}, card_price = #{cardPrice,jdbcType=DECIMAL}, card_time = #{cardTime,jdbcType=BIGINT}, card_original_price = #{cardOriginalPrice,jdbcType=DECIMAL}, card_desc = #{cardDesc,jdbcType=VARCHAR}, remark = #{remark,jdbcType=VARCHAR}
  </insert>
  <insert id="upsertSelective" keyColumn="id" keyProperty="id" parameterType="com.wbhl.governor.entity.TbCardType" useGeneratedKeys="true">
    insert into tb_card_type
    <trim prefix="(" suffix=")" suffixOverrides=",">
      <if test="id != null">
        id,
      </if>
      <if test="cardPrice != null">
        card_price,
      </if>
      <if test="cardTime != null">
        card_time,
      </if>
      <if test="cardOriginalPrice != null">
        card_original_price,
      </if>
      <if test="cardDesc != null">
        card_desc,
      </if>
      <if test="remark != null">
        remark,
      </if>
    </trim>
    values
    <trim prefix="(" suffix=")" suffixOverrides=",">
      <if test="id != null">
        #{id,jdbcType=BIGINT},
      </if>
      <if test="cardPrice != null">
        #{cardPrice,jdbcType=DECIMAL},
      </if>
      <if test="cardTime != null">
        #{cardTime,jdbcType=BIGINT},
      </if>
      <if test="cardOriginalPrice != null">
        #{cardOriginalPrice,jdbcType=DECIMAL},
      </if>
      <if test="cardDesc != null">
        #{cardDesc,jdbcType=VARCHAR},
      </if>
      <if test="remark != null">
        #{remark,jdbcType=VARCHAR},
      </if>
    </trim>
    on duplicate key update 
    <trim suffixOverrides=",">
      <if test="id != null">
        id = #{id,jdbcType=BIGINT},
      </if>
      <if test="cardPrice != null">
        card_price = #{cardPrice,jdbcType=DECIMAL},
      </if>
      <if test="cardTime != null">
        card_time = #{cardTime,jdbcType=BIGINT},
      </if>
      <if test="cardOriginalPrice != null">
        card_original_price = #{cardOriginalPrice,jdbcType=DECIMAL},
      </if>
      <if test="cardDesc != null">
        card_desc = #{cardDesc,jdbcType=VARCHAR},
      </if>
      <if test="remark != null">
        remark = #{remark,jdbcType=VARCHAR},
      </if>
    </trim>
  </insert>
  <select id="selectAll" resultMap="BaseResultMap">
    select
    <include refid="Base_Column_List" />
    from tb_card_type
  </select>
  <select id="selectOne" parameterType="com.wbhl.governor.entity.TbCardType" resultMap="BaseResultMap">
    select
    <include refid="Base_Column_List" />
    from tb_card_type
    <where>
      <if test="id != null and id != ''">
        and id = #{id,jdbcType=BIGINT}
      </if>
      <if test="cardPrice != null and cardPrice != ''">
        and card_price = #{cardPrice,jdbcType=DECIMAL}
      </if>
      <if test="cardTime != null and cardTime != ''">
        and card_time = #{cardTime,jdbcType=BIGINT}
      </if>
      <if test="cardOriginalPrice != null and cardOriginalPrice != ''">
        and card_original_price = #{cardOriginalPrice,jdbcType=DECIMAL}
      </if>
      <if test="cardDesc != null and cardDesc != ''">
        and card_desc = #{cardDesc,jdbcType=VARCHAR}
      </if>
      <if test="remark != null and remark != ''">
        and remark = #{remark,jdbcType=VARCHAR}
      </if>
    </where>
     limit 1
  </select>
  <select id="select" parameterType="com.wbhl.governor.entity.TbCardType" resultMap="BaseResultMap">
    select
    <include refid="Base_Column_List" />
    from tb_card_type
    <where>
      <if test="id != null and id != ''">
        and id = #{id,jdbcType=BIGINT}
      </if>
      <if test="cardPrice != null and cardPrice != ''">
        and card_price = #{cardPrice,jdbcType=DECIMAL}
      </if>
      <if test="cardTime != null and cardTime != ''">
        and card_time = #{cardTime,jdbcType=BIGINT}
      </if>
      <if test="cardOriginalPrice != null and cardOriginalPrice != ''">
        and card_original_price = #{cardOriginalPrice,jdbcType=DECIMAL}
      </if>
      <if test="cardDesc != null and cardDesc != ''">
        and card_desc = #{cardDesc,jdbcType=VARCHAR}
      </if>
      <if test="remark != null and remark != ''">
        and remark = #{remark,jdbcType=VARCHAR}
      </if>
    </where>
  </select>
</mapper>